student_id,date_registered,first_date_watched,first_date_purchased,days_diff_reg_watch,days_diff_watch_purch
255203,2021-12-01,2021-12-01,2021-12-01,0,0
255204,2021-12-01,2021-12-01,2021-12-01,0,0
255206,2021-12-01,2021-12-01,2021-12-02,0,1
255207,2021-12-01,2021-12-01,2021-12-01,0,0
255218,2021-12-01,2021-12-01,2021-12-01,0,0
255241,2021-12-01,2022-01-26,2022-03-21,56,54
255243,2021-12-01,2021-12-01,2021-12-01,0,0
255262,2021-12-01,2021-12-24,2021-12-24,23,0
255268,2021-12-01,2021-12-01,2021-12-28,0,27
255269,2021-12-01,2021-12-01,2021-12-01,0,0
255271,2021-12-01,2021-12-01,2021-12-01,0,0
255272,2021-12-01,2021-12-01,2021-12-01,0,0
255279,2021-12-01,2021-12-01,2021-12-01,0,0
255280,2021-12-01,2021-12-04,2021-12-04,3,0
255306,2021-12-01,2021-12-01,2021-12-02,0,1
255312,2021-12-01,2021-12-01,2021-12-01,0,0
255315,2021-12-01,2021-12-01,2021-12-01,0,0
255318,2021-12-01,2021-12-01,2021-12-01,0,0
255332,2021-12-01,2021-12-01,2021-12-01,0,0
255335,2021-12-01,2021-12-01,2021-12-01,0,0
255338,2021-12-01,2021-12-01,2021-12-01,0,0
255344,2021-12-01,2021-12-01,2021-12-01,0,0
255346,2021-12-01,2021-12-01,2021-12-01,0,0
255348,2021-12-01,2021-12-01,2021-12-01,0,0
255349,2021-12-01,2021-12-01,2021-12-01,0,0
255367,2021-12-02,2021-12-02,2021-12-06,0,4
255372,2021-12-02,2021-12-02,2021-12-02,0,0
255378,2021-12-02,2021-12-02,2021-12-02,0,0
255391,2021-12-02,2021-12-02,2021-12-02,0,0
255396,2021-12-02,2021-12-02,2021-12-06,0,4
255397,2021-12-02,2021-12-02,2021-12-02,0,0
255406,2021-12-02,2021-12-02,2021-12-02,0,0
255449,2021-12-02,2021-12-02,2021-12-05,0,3
255488,2021-12-02,2021-12-04,2021-12-04,2,0
255529,2021-12-03,2021-12-03,2021-12-07,0,4
255534,2021-12-03,2021-12-03,2021-12-06,0,3
255563,2021-12-03,2021-12-03,2021-12-03,0,0
255589,2021-12-03,2021-12-10,2021-12-10,7,0
255595,2021-12-03,2021-12-05,2021-12-09,2,4
255641,2021-12-03,2021-12-03,2021-12-03,0,0
255668,2021-12-04,2021-12-04,2022-01-25,0,52
255744,2021-12-04,2021-12-04,2021-12-06,0,2
255765,2021-12-04,2021-12-06,2021-12-10,2,4
255772,2021-12-04,2021-12-04,2021-12-04,0,0
255827,2021-12-05,2021-12-05,2022-02-25,0,82
255859,2021-12-05,2021-12-05,2021-12-08,0,3
255892,2021-12-05,2021-12-07,2023-01-19,2,408
255912,2021-12-06,2021-12-06,2022-02-18,0,74
255993,2021-12-06,2021-12-06,2021-12-16,0,10
256018,2021-12-06,2021-12-28,2021-12-29,22,1
256055,2021-12-07,2021-12-07,2021-12-07,0,0
256127,2021-12-07,2021-12-17,2021-12-17,10,0
256193,2021-12-08,2021-12-08,2021-12-08,0,0
256270,2021-12-08,2021-12-09,2021-12-09,1,0
256301,2021-12-08,2021-12-08,2023-01-23,0,411
256312,2021-12-09,2021-12-09,2023-01-18,0,405
256329,2021-12-09,2021-12-09,2021-12-16,0,7
256386,2021-12-09,2021-12-10,2021-12-27,1,17
256422,2021-12-09,2021-12-09,2021-12-12,0,3
256448,2021-12-10,2021-12-10,2022-01-20,0,41
256484,2021-12-10,2021-12-10,2021-12-22,0,12
256516,2021-12-10,2021-12-11,2021-12-13,1,2
256527,2021-12-10,2021-12-10,2021-12-10,0,0
256539,2021-12-10,2021-12-11,2021-12-14,1,3
256564,2021-12-11,2021-12-11,2022-01-16,0,36
256570,2021-12-11,2021-12-21,2021-12-21,10,0
256626,2021-12-11,2021-12-11,2021-12-12,0,1
256670,2021-12-12,2021-12-12,2021-12-12,0,0
256678,2021-12-12,2021-12-12,2021-12-12,0,0
256679,2021-12-12,2021-12-19,2021-12-19,7,0
256703,2021-12-12,2021-12-12,2022-03-30,0,108
256727,2021-12-12,2021-12-12,2021-12-12,0,0
256779,2021-12-13,2021-12-13,2022-11-22,0,344
256826,2021-12-13,2021-12-19,2021-12-20,6,1
256834,2021-12-13,2021-12-29,2022-03-30,16,91
256838,2021-12-13,2021-12-13,2022-01-21,0,39
256868,2021-12-13,2021-12-13,2021-12-17,0,4
256904,2021-12-14,2021-12-14,2021-12-14,0,0
256921,2021-12-14,2021-12-14,2021-12-14,0,0
256970,2021-12-14,2021-12-14,2021-12-17,0,3
256990,2021-12-14,2021-12-16,2021-12-16,2,0
257003,2021-12-14,2021-12-28,2021-12-30,14,2
257053,2021-12-15,2021-12-15,2021-12-15,0,0
257095,2021-12-15,2022-05-21,2022-05-27,157,6
257151,2021-12-16,2021-12-16,2022-03-25,0,99
257155,2021-12-16,2021-12-16,2021-12-19,0,3
257240,2021-12-17,2021-12-17,2021-12-17,0,0
257244,2021-12-17,2021-12-17,2021-12-17,0,0
257254,2021-12-17,2021-12-17,2021-12-17,0,0
257318,2021-12-17,2021-12-17,2022-11-28,0,346
257330,2021-12-17,2021-12-17,2021-12-20,0,3
257405,2021-12-18,2021-12-18,2021-12-18,0,0
257415,2021-12-18,2021-12-20,2021-12-27,2,7
257423,2021-12-18,2021-12-18,2021-12-18,0,0
257486,2021-12-19,2021-12-19,2022-02-01,0,44
257502,2021-12-19,2021-12-19,2021-12-21,0,2
257503,2021-12-19,2021-12-19,2021-12-20,0,1
257509,2021-12-19,2021-12-20,2022-01-20,1,31
257521,2021-12-19,2021-12-19,2021-12-19,0,0
257532,2021-12-20,2021-12-20,2021-12-21,0,1
257567,2021-12-20,2021-12-22,2021-12-22,2,0
257594,2021-12-20,2021-12-26,2021-12-26,6,0
257605,2021-12-20,2021-12-20,2021-12-22,0,2
257609,2021-12-20,2021-12-20,2021-12-20,0,0
257610,2021-12-20,2021-12-21,2021-12-26,1,5
257630,2021-12-21,2022-01-10,2022-01-11,20,1
257648,2021-12-21,2022-03-27,2022-12-02,96,250
257682,2021-12-21,2021-12-21,2021-12-21,0,0
257691,2021-12-21,2021-12-21,2023-05-19,0,514
257693,2021-12-21,2021-12-22,2021-12-22,1,0
257694,2021-12-21,2021-12-21,2021-12-21,0,0
257695,2021-12-21,2021-12-21,2021-12-21,0,0
257720,2021-12-21,2021-12-21,2021-12-28,0,7
257729,2021-12-22,2022-01-23,2022-01-23,32,0
257738,2021-12-22,2021-12-23,2022-01-03,1,11
257796,2021-12-22,2021-12-22,2021-12-29,0,7
257801,2021-12-22,2021-12-22,2021-12-26,0,4
257807,2021-12-22,2021-12-22,2022-01-18,0,27
257809,2021-12-22,2021-12-22,2021-12-22,0,0
257821,2021-12-22,2021-12-22,2021-12-25,0,3
257827,2021-12-23,2021-12-23,2021-12-24,0,1
257828,2021-12-23,2021-12-23,2021-12-28,0,5
257898,2021-12-23,2021-12-23,2021-12-26,0,3
257938,2021-12-23,2021-12-23,2021-12-23,0,0
258020,2021-12-24,2021-12-25,2021-12-25,1,0
258044,2021-12-24,2021-12-24,2022-01-17,0,24
258046,2021-12-24,2021-12-24,2022-12-02,0,343
258051,2021-12-25,2021-12-25,2021-12-25,0,0
258119,2021-12-25,2021-12-25,2021-12-25,0,0
258121,2021-12-25,2021-12-25,2021-12-26,0,1
258137,2021-12-26,2021-12-26,2022-01-01,0,6
258141,2021-12-26,2021-12-26,2021-12-26,0,0
258154,2021-12-26,2021-12-26,2022-03-21,0,85
258158,2021-12-26,2021-12-26,2021-12-27,0,1
258161,2021-12-26,2021-12-26,2022-10-24,0,302
258163,2021-12-26,2021-12-26,2021-12-26,0,0
258201,2021-12-26,2022-01-21,2022-11-26,26,309
258209,2021-12-26,2021-12-26,2021-12-30,0,4
258212,2021-12-26,2021-12-26,2022-01-07,0,12
258221,2021-12-27,2021-12-27,2021-12-27,0,0
258223,2021-12-27,2021-12-27,2021-12-27,0,0
258256,2021-12-27,2021-12-27,2022-03-28,0,91
258311,2021-12-27,2021-12-27,2022-02-03,0,38
258320,2021-12-27,2021-12-27,2022-01-01,0,5
258325,2021-12-27,2022-01-09,2022-01-28,13,19
258337,2021-12-28,2021-12-28,2021-12-28,0,0
258338,2021-12-28,2021-12-28,2021-12-28,0,0
258349,2021-12-28,2022-06-19,2022-09-20,173,93
258373,2021-12-28,2022-01-19,2022-01-28,22,9
258374,2021-12-28,2021-12-28,2021-12-28,0,0
258386,2021-12-28,2021-12-28,2021-12-29,0,1
258463,2021-12-29,2021-12-29,2022-01-27,0,29
258470,2021-12-29,2021-12-29,2021-12-30,0,1
258495,2021-12-29,2021-12-29,2022-11-28,0,334
258520,2021-12-29,2021-12-29,2021-12-29,0,0
258543,2021-12-29,2021-12-29,2021-12-29,0,0
258552,2021-12-29,2021-12-29,2021-12-29,0,0
258559,2021-12-29,2021-12-29,2022-08-25,0,239
258561,2021-12-29,2021-12-29,2021-12-29,0,0
258581,2021-12-29,2021-12-29,2021-12-29,0,0
258616,2021-12-30,2021-12-30,2021-12-30,0,0
258620,2021-12-30,2021-12-30,2021-12-31,0,1
258645,2021-12-30,2021-12-30,2021-12-30,0,0
258676,2021-12-30,2021-12-30,2021-12-30,0,0
258695,2021-12-30,2021-12-30,2022-01-01,0,2
258722,2021-12-31,2021-12-31,2022-12-02,0,336
258743,2021-12-31,2021-12-31,2022-01-01,0,1
258774,2021-12-31,2021-12-31,2022-11-21,0,325
258782,2021-12-31,2021-12-31,2022-01-27,0,27
258803,2022-01-01,2022-01-01,2022-01-01,0,0
258818,2022-01-01,2022-01-03,2022-01-03,2,0
258822,2022-01-01,2022-01-01,2022-01-09,0,8
258832,2022-01-01,2022-01-01,2022-03-05,0,63
258834,2022-01-01,2022-01-01,2023-04-06,0,460
258862,2022-01-01,2022-01-01,2022-01-01,0,0
258865,2022-01-01,2022-01-01,2022-01-01,0,0
258908,2022-01-01,2022-01-01,2022-01-01,0,0
258913,2022-01-02,2022-01-02,2022-01-02,0,0
258922,2022-01-02,2022-01-02,2022-01-04,0,2
258930,2022-01-02,2022-02-18,2022-02-19,47,1
258933,2022-01-02,2022-01-03,2022-11-26,1,327
258955,2022-01-02,2022-01-02,2022-01-03,0,1
258956,2022-01-02,2022-03-31,2022-03-31,88,0
258971,2022-01-02,2022-01-02,2022-01-09,0,7
258980,2022-01-02,2022-01-02,2022-01-08,0,6
258984,2022-01-02,2022-01-02,2022-01-02,0,0
258989,2022-01-02,2022-01-02,2023-03-07,0,429
259011,2022-01-02,2022-01-02,2022-01-02,0,0
259019,2022-01-02,2022-06-10,2022-06-10,159,0
259026,2022-01-02,2022-01-02,2022-01-04,0,2
259028,2022-01-02,2022-01-02,2022-01-04,0,2
259039,2022-01-02,2022-01-02,2022-01-02,0,0
259106,2022-01-03,2022-01-03,2022-01-03,0,0
259132,2022-01-03,2022-01-03,2023-02-04,0,397
259155,2022-01-03,2022-01-03,2022-01-03,0,0
259171,2022-01-04,2022-01-04,2022-01-25,0,21
259174,2022-01-04,2022-01-04,2022-01-07,0,3
259190,2022-01-04,2022-01-04,2022-07-18,0,195
259209,2022-01-04,2022-01-04,2022-01-04,0,0
259258,2022-01-04,2022-01-04,2022-01-04,0,0
259260,2022-01-04,2022-01-04,2022-01-08,0,4
259262,2022-01-04,2022-01-11,2022-01-11,7,0
259268,2022-01-04,2022-01-05,2022-01-05,1,0
259273,2022-01-04,2022-01-04,2022-01-04,0,0
259283,2022-01-04,2022-01-04,2022-01-09,0,5
259300,2022-01-05,2022-01-05,2022-01-26,0,21
259305,2022-01-05,2022-01-05,2022-01-05,0,0
259361,2022-01-05,2022-07-28,2022-07-28,204,0
259398,2022-01-05,2022-01-05,2022-01-05,0,0
259429,2022-01-06,2022-01-06,2022-01-06,0,0
259437,2022-01-06,2022-01-06,2022-01-11,0,5
259447,2022-01-06,2022-01-06,2022-01-06,0,0
259473,2022-01-06,2022-01-06,2022-01-10,0,4
259474,2022-01-06,2022-01-21,2022-01-21,15,0
259476,2022-01-06,2022-01-06,2022-01-09,0,3
259483,2022-01-06,2022-01-11,2022-01-21,5,10
259486,2022-01-06,2022-01-06,2022-07-20,0,195
259494,2022-01-06,2022-01-23,2022-01-24,17,1
259504,2022-01-06,2022-01-06,2022-01-09,0,3
259506,2022-01-06,2022-01-06,2022-01-12,0,6
259510,2022-01-06,2022-01-06,2022-01-07,0,1
259515,2022-01-06,2022-01-06,2023-08-02,0,573
259523,2022-01-06,2022-01-06,2022-01-25,0,19
259524,2022-01-06,2022-01-06,2022-01-26,0,20
259533,2022-01-06,2022-01-07,2022-03-27,1,79
259534,2022-01-06,2022-01-06,2022-01-06,0,0
259545,2022-01-07,2022-01-07,2022-01-08,0,1
259549,2022-01-07,2022-01-08,2022-01-10,1,2
259614,2022-01-07,2022-01-07,2022-01-07,0,0
259635,2022-01-07,2022-01-07,2022-01-07,0,0
259654,2022-01-07,2022-01-07,2022-02-05,0,29
259657,2022-01-07,2022-01-07,2022-01-08,0,1
259664,2022-01-08,2022-01-10,2022-01-10,2,0
259684,2022-01-08,2022-01-08,2022-01-08,0,0
259689,2022-01-08,2022-01-11,2022-01-11,3,0
259702,2022-01-08,2022-01-08,2022-01-08,0,0
259727,2022-01-08,2022-01-08,2022-01-08,0,0
259731,2022-01-08,2022-01-08,2022-01-10,0,2
259756,2022-01-08,2022-01-08,2022-01-12,0,4
259767,2022-01-09,2022-01-09,2022-01-09,0,0
259777,2022-01-09,2022-01-09,2022-01-09,0,0
259781,2022-01-09,2022-01-09,2022-01-27,0,18
259789,2022-01-09,2022-01-09,2022-11-27,0,322
259846,2022-01-09,2022-09-30,2022-09-30,264,0
259860,2022-01-09,2022-01-09,2022-01-10,0,1
259865,2022-01-10,2022-01-10,2022-01-10,0,0
259870,2022-01-10,2022-01-12,2022-01-28,2,16
259884,2022-01-10,2022-01-10,2022-04-07,0,87
259922,2022-01-10,2022-01-10,2023-01-06,0,361
259938,2022-01-10,2022-01-10,2022-01-10,0,0
259952,2022-01-10,2022-01-10,2022-01-10,0,0
259953,2022-01-10,2022-01-10,2022-01-10,0,0
259969,2022-01-10,2022-01-10,2022-01-12,0,2
259973,2022-01-11,2022-01-11,2022-01-11,0,0
259983,2022-01-11,2022-01-11,2022-01-11,0,0
259996,2022-01-11,2022-01-11,2022-01-13,0,2
260024,2022-01-11,2022-01-26,2022-01-26,15,0
260029,2022-01-11,2022-01-11,2022-01-11,0,0
260033,2022-01-11,2022-01-11,2022-01-18,0,7
260042,2022-01-11,2022-01-12,2022-02-18,1,37
260062,2022-01-11,2022-01-13,2022-01-17,2,4
260111,2022-01-12,2022-01-12,2022-01-12,0,0
260126,2022-01-12,2022-01-12,2022-01-12,0,0
260132,2022-01-12,2022-01-12,2022-01-12,0,0
260164,2022-01-12,2022-01-12,2022-01-12,0,0
260168,2022-01-12,2022-01-12,2022-01-12,0,0
260173,2022-01-12,2022-01-12,2022-01-13,0,1
260176,2022-01-12,2022-01-12,2022-01-19,0,7
260181,2022-01-12,2022-01-12,2022-01-12,0,0
260192,2022-01-12,2022-01-12,2022-01-13,0,1
260200,2022-01-12,2022-01-12,2022-02-10,0,29
260211,2022-01-13,2022-01-13,2022-01-14,0,1
260216,2022-01-13,2022-01-18,2022-01-21,5,3
260217,2022-01-13,2022-01-13,2022-01-13,0,0
260265,2022-01-13,2022-01-13,2022-01-14,0,1
260291,2022-01-13,2022-01-13,2022-01-13,0,0
260295,2022-01-13,2022-01-14,2022-01-17,1,3
260324,2022-01-13,2022-01-13,2022-01-13,0,0
260329,2022-01-13,2022-01-18,2022-01-18,5,0
260334,2022-01-14,2022-03-26,2022-07-26,71,122
260356,2022-01-14,2022-01-14,2022-01-15,0,1
260403,2022-01-14,2022-01-14,2023-07-11,0,543
260423,2022-01-14,2022-01-14,2022-01-14,0,0
260477,2022-01-14,2022-01-14,2022-01-16,0,2
260483,2022-01-15,2022-01-15,2022-01-15,0,0
260486,2022-01-15,2022-01-15,2022-01-16,0,1
260494,2022-01-15,2022-01-15,2022-01-15,0,0
260549,2022-01-15,2022-01-15,2022-01-15,0,0
260572,2022-01-15,2022-01-15,2022-01-19,0,4
260579,2022-01-15,2022-01-16,2023-02-09,1,389
260593,2022-01-16,2022-01-17,2022-01-17,1,0
260608,2022-01-16,2022-01-20,2022-01-20,4,0
260646,2022-01-16,2022-01-16,2022-01-16,0,0
260649,2022-01-16,2022-01-16,2022-01-16,0,0
260664,2022-01-16,2022-01-17,2022-01-18,1,1
260684,2022-01-16,2022-01-16,2022-01-20,0,4
260698,2022-01-16,2022-01-20,2022-01-27,4,7
260702,2022-01-17,2022-01-17,2022-01-25,0,8
260707,2022-01-17,2022-01-17,2022-01-17,0,0
260715,2022-01-17,2022-01-17,2022-01-17,0,0
260742,2022-01-17,2022-01-17,2022-01-17,0,0
260754,2022-01-17,2022-01-17,2022-01-21,0,4
260774,2022-01-17,2022-01-17,2022-02-15,0,29
260787,2022-01-17,2022-01-17,2022-01-26,0,9
260792,2022-01-17,2022-01-17,2022-01-17,0,0
260809,2022-01-17,2022-01-17,2022-01-17,0,0
260813,2022-01-17,2022-01-17,2022-01-21,0,4
260815,2022-01-17,2022-01-17,2022-01-17,0,0
260829,2022-01-18,2022-01-18,2022-01-18,0,0
260831,2022-01-18,2022-01-22,2022-01-22,4,0
260833,2022-01-18,2022-01-18,2022-05-11,0,113
260834,2022-01-18,2022-01-18,2022-01-18,0,0
260842,2022-01-18,2022-01-18,2022-01-18,0,0
260850,2022-01-18,2022-01-18,2022-01-25,0,7
260861,2022-01-18,2022-01-18,2022-03-07,0,48
260865,2022-01-18,2022-01-18,2022-01-18,0,0
260885,2022-01-18,2022-01-18,2022-01-18,0,0
260898,2022-01-18,2022-01-18,2022-01-19,0,1
260913,2022-01-19,2022-01-19,2022-01-19,0,0
260915,2022-01-19,2022-01-20,2022-01-25,1,5
260916,2022-01-19,2022-01-19,2022-01-25,0,6
260920,2022-01-19,2022-01-19,2022-01-19,0,0
260929,2022-01-19,2022-01-19,2022-05-25,0,126
260952,2022-01-19,2022-01-19,2022-01-19,0,0
260954,2022-01-19,2022-01-19,2022-01-19,0,0
260964,2022-01-19,2022-03-07,2022-03-07,47,0
260968,2022-01-19,2022-01-19,2022-01-19,0,0
260971,2022-01-19,2022-01-19,2022-01-19,0,0
260977,2022-01-19,2022-01-19,2022-01-19,0,0
260988,2022-01-19,2022-01-19,2022-01-19,0,0
260991,2022-01-19,2022-01-19,2022-01-19,0,0
260998,2022-01-19,2022-01-19,2022-01-20,0,1
261003,2022-01-20,2022-01-20,2022-01-22,0,2
261004,2022-01-20,2022-01-20,2022-06-01,0,132
261022,2022-01-20,2022-01-20,2022-01-20,0,0
261039,2022-01-20,2022-01-20,2022-01-20,0,0
261059,2022-01-20,2022-01-20,2022-01-23,0,3
261061,2022-01-20,2022-01-20,2022-01-20,0,0
261073,2022-01-20,2022-01-20,2022-01-20,0,0
261086,2022-01-20,2022-01-20,2022-01-20,0,0
261110,2022-01-21,2022-01-21,2022-01-21,0,0
261121,2022-01-21,2022-01-21,2022-01-22,0,1
261132,2022-01-21,2022-01-21,2022-01-21,0,0
261171,2022-01-21,2022-01-25,2022-01-25,4,0
261173,2022-01-21,2022-01-21,2022-01-21,0,0
261183,2022-01-21,2022-01-21,2022-01-21,0,0
261184,2022-01-21,2022-01-24,2022-01-27,3,3
261189,2022-01-21,2022-01-21,2022-05-10,0,109
261210,2022-01-21,2022-01-21,2022-01-22,0,1
261212,2022-01-22,2022-01-22,2022-01-22,0,0
261226,2022-01-22,2022-01-22,2023-07-28,0,552
261228,2022-01-22,2022-01-22,2022-01-22,0,0
261239,2022-01-22,2022-01-22,2022-01-26,0,4
261263,2022-01-22,2022-01-22,2022-01-22,0,0
261268,2022-01-22,2022-01-22,2022-01-22,0,0
261291,2022-01-23,2022-01-23,2022-01-25,0,2
261295,2022-01-23,2022-01-23,2022-01-23,0,0
261323,2022-01-23,2022-01-23,2022-01-27,0,4
261325,2022-01-23,2022-01-23,2022-03-17,0,53
261359,2022-01-23,2022-01-23,2022-01-23,0,0
261374,2022-01-23,2022-01-23,2022-01-23,0,0
261389,2022-01-24,2022-01-24,2022-01-24,0,0
261391,2022-01-24,2022-01-24,2022-01-26,0,2
261393,2022-01-24,2022-01-24,2022-01-24,0,0
261407,2022-01-24,2022-01-24,2022-11-28,0,308
261408,2022-01-24,2022-01-24,2022-01-25,0,1
261431,2022-01-24,2022-01-24,2022-01-27,0,3
261446,2022-01-24,2022-01-24,2022-01-24,0,0
261449,2022-01-24,2022-04-06,2022-12-16,72,254
261452,2022-01-24,2022-01-24,2022-01-24,0,0
261455,2022-01-24,2022-01-25,2022-01-26,1,1
261466,2022-01-24,2022-01-26,2022-01-29,2,3
261490,2022-01-24,2022-01-24,2022-01-24,0,0
261491,2022-01-24,2022-01-26,2022-01-26,2,0
261495,2022-01-24,2022-01-24,2022-01-24,0,0
261510,2022-01-25,2022-01-25,2022-01-26,0,1
261518,2022-01-25,2022-01-25,2022-01-25,0,0
261519,2022-01-25,2022-01-25,2022-01-27,0,2
261522,2022-01-25,2022-01-25,2022-01-27,0,2
261550,2022-01-25,2022-01-25,2022-01-26,0,1
261552,2022-01-25,2022-01-25,2022-01-25,0,0
261554,2022-01-25,2022-01-25,2022-02-07,0,13
261565,2022-01-25,2022-01-25,2022-01-25,0,0
261567,2022-01-25,2022-01-25,2022-01-25,0,0
261582,2022-01-25,2022-03-28,2022-03-28,62,0
261585,2022-01-25,2022-01-26,2022-01-26,1,0
261589,2022-01-25,2022-01-26,2022-01-28,1,2
261590,2022-01-25,2022-01-26,2022-01-27,1,1
261603,2022-01-26,2022-01-26,2022-01-26,0,0
261607,2022-01-26,2022-01-26,2022-01-26,0,0
261608,2022-01-26,2022-01-26,2022-02-02,0,7
261610,2022-01-26,2022-01-26,2022-01-26,0,0
261615,2022-01-26,2022-01-26,2022-01-28,0,2
261619,2022-01-26,2022-01-26,2022-01-27,0,1
261644,2022-01-26,2022-01-26,2022-01-26,0,0
261647,2022-01-26,2022-01-26,2022-01-26,0,0
261654,2022-01-26,2022-01-26,2022-01-27,0,1
261661,2022-01-26,2022-01-26,2022-01-26,0,0
261662,2022-01-26,2022-01-26,2022-01-26,0,0
261668,2022-01-26,2022-01-26,2022-02-09,0,14
261674,2022-01-26,2022-01-26,2022-01-26,0,0
261679,2022-01-26,2022-01-26,2022-01-26,0,0
261680,2022-01-26,2022-02-21,2022-03-17,26,24
261682,2022-01-26,2022-01-26,2022-01-27,0,1
261692,2022-01-27,2022-01-27,2022-02-01,0,5
261693,2022-01-27,2022-01-27,2022-05-28,0,121
261714,2022-01-27,2022-01-27,2022-01-27,0,0
261716,2022-01-27,2022-01-27,2022-08-01,0,186
261736,2022-01-27,2022-01-27,2022-01-27,0,0
261753,2022-01-27,2022-01-30,2022-03-07,3,36
261755,2022-01-27,2022-01-27,2022-01-27,0,0
261773,2022-01-27,2022-01-27,2022-01-27,0,0
261778,2022-01-27,2022-01-27,2022-01-27,0,0
261782,2022-01-27,2022-01-27,2022-01-27,0,0
261785,2022-01-27,2022-01-27,2022-01-27,0,0
261787,2022-01-27,2022-01-27,2022-01-28,0,1
261788,2022-01-27,2022-01-27,2022-01-27,0,0
261801,2022-01-28,2022-01-28,2022-01-28,0,0
261805,2022-01-28,2022-01-28,2022-01-28,0,0
261819,2022-01-28,2022-01-28,2022-01-28,0,0
261820,2022-01-28,2022-01-28,2022-01-28,0,0
261822,2022-01-28,2022-01-28,2022-01-28,0,0
261828,2022-01-28,2022-01-28,2022-02-11,0,14
261831,2022-01-28,2022-01-28,2022-02-03,0,6
261883,2022-01-28,2022-02-05,2022-02-10,8,5
261895,2022-01-28,2022-01-28,2022-11-27,0,303
261905,2022-01-29,2022-01-29,2022-02-02,0,4
261972,2022-01-29,2022-01-29,2022-07-22,0,174
261979,2022-01-29,2022-01-29,2022-01-31,0,2
262071,2022-01-31,2022-01-31,2022-01-31,0,0
262073,2022-01-31,2022-01-31,2022-11-26,0,299
262112,2022-01-31,2022-03-30,2022-03-30,58,0
262148,2022-01-31,2022-03-31,2022-03-31,59,0
262190,2022-01-31,2022-01-31,2022-02-01,0,1
262198,2022-02-01,2022-02-01,2022-02-01,0,0
262203,2022-02-01,2022-02-01,2022-03-22,0,49
262221,2022-02-01,2022-02-01,2022-03-10,0,37
262237,2022-02-01,2022-02-01,2022-02-03,0,2
262246,2022-02-01,2022-02-02,2023-03-06,1,397
262260,2022-02-01,2022-03-22,2022-04-13,49,22
262270,2022-02-01,2022-02-18,2022-02-19,17,1
262273,2022-02-01,2022-02-01,2022-02-01,0,0
262288,2022-02-01,2022-02-01,2022-02-01,0,0
262377,2022-02-02,2022-02-02,2022-02-09,0,7
262386,2022-02-02,2022-02-17,2022-03-30,15,41
262412,2022-02-03,2022-02-22,2022-02-22,19,0
262414,2022-02-03,2022-02-03,2022-02-03,0,0
262457,2022-02-03,2022-02-03,2022-02-14,0,11
262459,2022-02-03,2022-02-03,2022-02-04,0,1
262470,2022-02-03,2022-02-03,2022-02-03,0,0
262487,2022-02-03,2022-02-10,2022-04-26,7,75
262569,2022-02-03,2022-02-05,2022-03-02,2,25
262578,2022-02-03,2022-02-04,2022-03-31,1,55
262580,2022-02-03,2022-02-03,2022-02-10,0,7
262585,2022-02-03,2022-02-03,2022-02-03,0,0
262596,2022-02-04,2022-02-05,2022-02-06,1,1
262599,2022-02-04,2022-02-04,2022-02-04,0,0
262613,2022-02-04,2022-02-06,2022-02-06,2,0
262634,2022-02-04,2022-02-04,2022-02-04,0,0
262641,2022-02-04,2022-02-04,2022-02-05,0,1
262643,2022-02-04,2022-02-04,2022-02-06,0,2
262648,2022-02-04,2022-02-04,2022-02-04,0,0
262675,2022-02-04,2022-02-06,2022-02-06,2,0
262677,2022-02-04,2022-02-04,2022-02-04,0,0
262714,2022-02-05,2022-02-05,2022-02-20,0,15
262726,2022-02-05,2022-02-09,2022-02-09,4,0
262738,2022-02-05,2022-02-05,2022-02-07,0,2
262739,2022-02-05,2022-02-05,2022-02-05,0,0
262750,2022-02-05,2022-02-05,2022-02-05,0,0
262754,2022-02-05,2022-02-05,2022-02-05,0,0
262761,2022-02-05,2022-02-05,2022-03-22,0,45
262784,2022-02-05,2022-02-05,2022-02-05,0,0
262819,2022-02-06,2022-02-06,2022-02-10,0,4
262821,2022-02-06,2022-02-06,2022-02-06,0,0
262826,2022-02-06,2022-02-06,2022-02-06,0,0
262843,2022-02-06,2022-02-06,2022-11-26,0,293
262861,2022-02-06,2022-02-06,2022-02-06,0,0
262908,2022-02-07,2022-02-07,2022-02-07,0,0
262944,2022-02-07,2022-02-07,2022-02-07,0,0
262955,2022-02-07,2022-02-07,2022-02-07,0,0
262967,2022-02-07,2022-02-07,2022-02-07,0,0
262973,2022-02-07,2022-02-07,2022-02-09,0,2
262988,2022-02-07,2022-02-07,2022-02-09,0,2
262992,2022-02-07,2022-02-07,2022-02-07,0,0
263000,2022-02-07,2022-02-07,2022-02-07,0,0
263008,2022-02-08,2022-02-12,2022-03-30,4,46
263065,2022-02-08,2022-02-08,2022-02-08,0,0
263076,2022-02-08,2022-02-08,2022-02-09,0,1
263086,2022-02-08,2022-02-15,2022-03-30,7,43
263087,2022-02-08,2022-02-10,2022-02-11,2,1
263101,2022-02-08,2022-02-08,2023-01-28,0,354
263104,2022-02-08,2022-02-08,2022-02-08,0,0
263112,2022-02-08,2022-02-08,2022-02-08,0,0
263118,2022-02-08,2022-02-08,2022-02-08,0,0
263120,2022-02-08,2022-02-08,2022-02-08,0,0
263126,2022-02-08,2022-02-08,2022-02-08,0,0
263138,2022-02-09,2022-02-09,2022-11-28,0,292
263187,2022-02-09,2022-02-09,2022-05-09,0,89
263210,2022-02-09,2022-02-09,2022-02-10,0,1
263231,2022-02-09,2022-02-09,2022-02-12,0,3
263293,2022-02-10,2022-02-16,2022-02-16,6,0
263300,2022-02-10,2022-02-12,2022-02-12,2,0
263307,2022-02-10,2022-05-04,2022-05-04,83,0
263309,2022-02-10,2022-04-15,2022-05-06,64,21
263321,2022-02-11,2022-02-11,2022-02-11,0,0
263363,2022-02-11,2022-02-15,2022-02-15,4,0
263364,2022-02-11,2022-02-11,2022-02-13,0,2
263388,2022-02-11,2022-02-11,2022-02-18,0,7
263392,2022-02-11,2022-02-11,2022-02-11,0,0
263438,2022-02-12,2022-02-12,2022-12-15,0,306
263456,2022-02-12,2022-02-12,2022-05-29,0,106
263472,2022-02-12,2022-02-12,2022-02-12,0,0
263479,2022-02-13,2022-02-13,2022-02-15,0,2
263480,2022-02-13,2022-02-13,2022-02-13,0,0
263481,2022-02-13,2022-02-13,2022-02-14,0,1
263483,2022-02-13,2022-02-13,2022-02-13,0,0
263496,2022-02-13,2022-02-13,2022-02-19,0,6
263497,2022-02-13,2022-02-13,2022-02-20,0,7
263519,2022-02-13,2022-02-13,2022-12-01,0,291
263529,2022-02-13,2022-02-13,2022-03-12,0,27
263535,2022-02-13,2022-02-13,2022-02-13,0,0
263536,2022-02-13,2022-02-15,2022-02-15,2,0
263545,2022-02-13,2022-02-13,2022-02-13,0,0
263551,2022-02-13,2022-02-13,2022-02-14,0,1
263564,2022-02-13,2022-02-13,2022-02-13,0,0
263648,2022-02-14,2022-02-16,2022-02-17,2,1
263650,2022-02-14,2022-02-14,2022-02-20,0,6
263661,2022-02-14,2022-02-15,2022-02-26,1,11
263672,2022-02-14,2022-02-14,2022-02-14,0,0
263683,2022-02-14,2022-02-16,2022-02-26,2,10
263690,2022-02-14,2022-02-14,2022-02-15,0,1
263693,2022-02-15,2022-03-07,2022-03-07,20,0
263698,2022-02-15,2022-02-15,2022-02-16,0,1
263759,2022-02-15,2022-02-15,2022-02-15,0,0
263776,2022-02-15,2022-02-15,2022-02-15,0,0
263783,2022-02-15,2022-02-15,2022-02-15,0,0
263786,2022-02-15,2022-02-15,2022-02-20,0,5
263791,2022-02-15,2022-02-15,2022-02-16,0,1
263798,2022-02-15,2022-02-16,2022-02-16,1,0
263825,2022-02-16,2022-02-16,2022-08-28,0,193
263842,2022-02-16,2022-02-16,2022-02-16,0,0
263845,2022-02-16,2022-02-16,2022-03-10,0,22
263886,2022-02-16,2022-06-30,2022-11-25,134,148
263888,2022-02-16,2022-02-16,2022-05-18,0,91
263894,2022-02-16,2022-07-29,2022-11-28,163,122
263913,2022-02-17,2022-02-17,2022-02-17,0,0
263920,2022-02-17,2022-02-17,2022-02-21,0,4
263933,2022-02-17,2022-02-17,2022-02-17,0,0
263934,2022-02-17,2022-03-21,2022-03-21,32,0
263942,2022-02-17,2022-02-17,2022-02-17,0,0
264049,2022-02-17,2022-02-19,2022-02-24,2,5
264076,2022-02-18,2022-02-18,2022-02-18,0,0
264079,2022-02-18,2022-03-04,2022-11-27,14,268
264081,2022-02-18,2022-02-18,2022-02-23,0,5
264118,2022-02-18,2022-02-18,2022-02-22,0,4
264131,2022-02-18,2022-02-18,2022-02-24,0,6
264228,2022-02-19,2022-02-19,2022-07-20,0,151
264253,2022-02-19,2022-02-19,2022-02-19,0,0
264259,2022-02-19,2022-02-19,2022-02-20,0,1
264290,2022-02-20,2022-02-20,2022-02-20,0,0
264291,2022-02-20,2022-02-20,2022-02-26,0,6
264295,2022-02-20,2022-04-21,2022-04-21,60,0
264316,2022-02-20,2022-02-20,2022-02-20,0,0
264361,2022-02-20,2022-02-20,2022-02-28,0,8
264368,2022-02-20,2022-02-20,2022-03-29,0,37
264391,2022-02-21,2022-02-21,2022-02-21,0,0
264400,2022-02-21,2022-02-21,2022-02-25,0,4
264404,2022-02-21,2022-02-21,2022-02-23,0,2
264417,2022-02-21,2022-02-21,2022-02-21,0,0
264425,2022-02-21,2022-02-21,2022-02-28,0,7
264472,2022-02-21,2022-02-22,2022-02-23,1,1
264476,2022-02-21,2022-02-21,2022-02-21,0,0
264502,2022-02-21,2022-02-23,2022-02-26,2,3
264514,2022-02-21,2022-02-21,2022-02-23,0,2
264549,2022-02-22,2022-02-22,2022-02-24,0,2
264552,2022-02-22,2022-02-22,2022-03-14,0,20
264563,2022-02-22,2022-02-22,2022-03-07,0,13
264572,2022-02-22,2022-02-22,2022-02-25,0,3
264623,2022-02-22,2022-02-22,2022-02-28,0,6
264637,2022-02-22,2022-02-22,2022-02-24,0,2
264677,2022-02-23,2022-02-23,2022-02-23,0,0
264679,2022-02-23,2022-02-23,2022-02-23,0,0
264684,2022-02-23,2022-02-23,2022-02-23,0,0
264694,2022-02-23,2022-02-23,2022-02-23,0,0
264699,2022-02-23,2022-02-23,2022-02-27,0,4
264723,2022-02-23,2022-02-23,2022-02-23,0,0
264732,2022-02-23,2022-03-07,2022-03-07,12,0
264746,2022-02-23,2022-02-23,2022-02-23,0,0
264761,2022-02-23,2022-02-23,2022-02-23,0,0
264802,2022-02-23,2022-09-20,2023-06-24,209,277
264826,2022-02-24,2022-02-24,2022-02-25,0,1
264843,2022-02-24,2022-03-01,2022-04-11,5,41
264856,2022-02-24,2022-02-24,2022-03-04,0,8
264871,2022-02-24,2022-02-24,2023-06-27,0,488
264888,2022-02-24,2022-02-24,2022-02-25,0,1
264916,2022-02-24,2022-02-24,2022-02-24,0,0
264954,2022-02-25,2022-03-06,2022-06-01,9,87
264998,2022-02-25,2022-04-05,2022-04-05,39,0
265003,2022-02-25,2022-02-26,2022-04-12,1,45
265005,2022-02-25,2022-02-25,2022-04-07,0,41
265023,2022-02-25,2022-02-28,2022-02-28,3,0
265025,2022-02-25,2022-02-25,2022-02-28,0,3
265044,2022-02-25,2022-02-25,2022-02-25,0,0
265076,2022-02-26,2022-02-26,2022-11-28,0,275
265077,2022-02-26,2022-02-26,2022-02-26,0,0
265092,2022-02-26,2022-02-26,2022-04-27,0,60
265093,2022-02-26,2022-02-26,2022-02-27,0,1
265101,2022-02-26,2022-02-26,2022-03-26,0,28
265110,2022-02-26,2022-02-26,2022-02-27,0,1
265130,2022-02-26,2022-02-26,2022-02-26,0,0
265165,2022-02-26,2022-03-21,2022-04-02,23,12
265176,2022-02-27,2022-02-27,2022-03-04,0,5
265182,2022-02-27,2022-02-28,2022-02-28,1,0
265196,2022-02-27,2022-02-27,2022-03-27,0,28
265201,2022-02-27,2022-02-27,2022-02-27,0,0
265210,2022-02-27,2022-02-27,2022-08-17,0,171
265218,2022-02-27,2022-02-27,2022-02-27,0,0
265250,2022-02-27,2022-02-27,2022-02-27,0,0
265262,2022-02-27,2022-02-27,2022-03-01,0,2
265302,2022-02-28,2022-02-28,2022-03-01,0,1
265310,2022-02-28,2022-03-07,2022-03-13,7,6
265317,2022-02-28,2022-02-28,2022-03-01,0,1
265328,2022-02-28,2022-02-28,2022-03-01,0,1
265339,2022-02-28,2022-02-28,2022-02-28,0,0
265370,2022-02-28,2022-02-28,2022-07-31,0,153
265390,2022-02-28,2022-02-28,2022-02-28,0,0
265415,2022-02-28,2022-02-28,2022-02-28,0,0
265418,2022-02-28,2022-02-28,2022-02-28,0,0
265424,2022-02-28,2022-02-28,2022-02-28,0,0
265449,2022-03-01,2022-03-05,2022-03-08,4,3
265462,2022-03-01,2022-03-01,2022-03-01,0,0
265483,2022-03-01,2022-03-01,2022-03-01,0,0
265489,2022-03-01,2022-03-06,2022-03-06,5,0
265506,2022-03-01,2022-03-01,2022-03-01,0,0
265572,2022-03-01,2022-03-02,2022-03-02,1,0
265578,2022-03-02,2022-03-02,2022-03-02,0,0
265581,2022-03-02,2022-03-02,2022-03-02,0,0
265628,2022-03-02,2022-03-02,2022-03-08,0,6
265653,2022-03-02,2022-03-02,2022-03-07,0,5
265680,2022-03-02,2022-07-26,2022-07-26,146,0
265685,2022-03-02,2022-03-02,2022-09-27,0,209
265686,2022-03-02,2022-03-04,2022-03-04,2,0
265714,2022-03-03,2022-03-03,2022-03-03,0,0
265758,2022-03-03,2022-03-04,2022-11-23,1,264
265779,2022-03-03,2022-03-03,2022-03-04,0,1
265789,2022-03-03,2022-03-06,2022-03-06,3,0
265813,2022-03-04,2022-03-04,2022-03-04,0,0
265848,2022-03-04,2022-03-04,2022-04-14,0,41
265864,2022-03-04,2022-03-04,2022-07-26,0,144
265878,2022-03-04,2022-03-05,2022-03-05,1,0
265879,2022-03-04,2022-03-04,2022-03-04,0,0
265906,2022-03-04,2022-03-04,2022-03-31,0,27
265927,2022-03-05,2022-03-05,2022-03-29,0,24
265928,2022-03-05,2022-03-05,2022-03-05,0,0
265966,2022-03-05,2022-03-05,2022-03-05,0,0
265967,2022-03-05,2022-03-05,2022-03-07,0,2
265970,2022-03-05,2022-03-05,2022-03-05,0,0
266001,2022-03-05,2022-03-05,2022-03-06,0,1
266012,2022-03-06,2022-03-06,2022-03-25,0,19
266014,2022-03-06,2022-03-07,2022-12-01,1,269
266065,2022-03-06,2022-03-06,2022-03-06,0,0
266095,2022-03-06,2022-03-08,2022-03-14,2,6
266106,2022-03-06,2022-03-13,2022-03-13,7,0
266108,2022-03-06,2022-03-06,2022-03-14,0,8
266112,2022-03-06,2022-03-07,2022-04-04,1,28
266121,2022-03-06,2022-03-06,2022-03-06,0,0
266123,2022-03-06,2022-03-06,2022-03-06,0,0
266125,2022-03-07,2022-03-07,2022-03-07,0,0
266136,2022-03-07,2022-03-07,2022-03-07,0,0
266187,2022-03-07,2022-04-03,2022-07-22,27,110
266249,2022-03-07,2022-03-07,2022-03-10,0,3
266251,2022-03-07,2022-03-07,2022-03-07,0,0
266259,2022-03-07,2022-03-07,2022-03-07,0,0
266308,2022-03-07,2022-03-07,2022-03-07,0,0
266316,2022-03-08,2022-03-08,2022-03-12,0,4
266325,2022-03-08,2022-03-08,2022-03-08,0,0
266332,2022-03-08,2022-03-08,2022-03-08,0,0
266340,2022-03-08,2022-03-10,2022-03-12,2,2
266366,2022-03-08,2022-03-09,2022-03-09,1,0
266386,2022-03-08,2022-03-08,2022-03-08,0,0
266395,2022-03-08,2022-03-08,2022-05-03,0,56
266402,2022-03-08,2022-03-08,2022-03-08,0,0
266410,2022-03-08,2022-03-09,2022-03-09,1,0
266455,2022-03-08,2022-03-08,2022-03-09,0,1
266456,2022-03-08,2022-07-26,2022-07-26,140,0
266462,2022-03-08,2022-03-08,2022-03-10,0,2
266477,2022-03-09,2022-03-09,2022-03-31,0,22
266485,2022-03-09,2022-03-09,2022-03-11,0,2
266489,2022-03-09,2022-03-10,2022-03-10,1,0
266496,2022-03-09,2022-03-13,2022-03-14,4,1
266529,2022-03-09,2022-03-09,2022-03-09,0,0
266544,2022-03-09,2022-03-09,2022-03-10,0,1
266548,2022-03-09,2022-03-09,2022-03-10,0,1
266549,2022-03-09,2022-03-10,2022-03-10,1,0
266584,2022-03-09,2022-03-09,2022-03-15,0,6
266603,2022-03-09,2022-03-09,2022-03-10,0,1
266614,2022-03-09,2022-03-11,2022-03-11,2,0
266615,2022-03-10,2022-03-10,2022-03-10,0,0
266616,2022-03-10,2022-03-10,2022-03-13,0,3
266642,2022-03-10,2022-03-10,2022-03-10,0,0
266680,2022-03-10,2022-03-10,2022-03-12,0,2
266683,2022-03-10,2022-03-10,2022-03-10,0,0
266725,2022-03-10,2022-03-10,2022-03-17,0,7
266731,2022-03-10,2022-03-10,2022-04-08,0,29
266743,2022-03-11,2022-03-11,2022-09-23,0,196
266754,2022-03-11,2022-03-14,2022-03-14,3,0
266758,2022-03-11,2022-03-11,2022-03-12,0,1
266766,2022-03-11,2022-03-11,2022-03-11,0,0
266788,2022-03-11,2022-03-11,2022-03-11,0,0
266810,2022-03-11,2022-03-11,2022-03-11,0,0
266811,2022-03-11,2022-03-11,2022-04-26,0,46
266814,2022-03-11,2022-03-11,2022-07-13,0,124
266875,2022-03-11,2022-03-11,2022-03-11,0,0
266901,2022-03-12,2022-03-12,2022-03-12,0,0
267010,2022-03-12,2022-03-12,2022-03-12,0,0
267011,2022-03-12,2022-03-12,2022-03-12,0,0
267021,2022-03-12,2022-03-12,2023-07-24,0,499
267025,2022-03-12,2022-06-10,2023-01-27,90,231
267026,2022-03-12,2022-03-12,2022-03-18,0,6
267048,2022-03-13,2022-03-16,2022-03-16,3,0
267063,2022-03-13,2022-03-13,2022-03-13,0,0
267064,2022-03-13,2022-03-14,2022-03-17,1,3
267068,2022-03-13,2022-03-13,2022-03-13,0,0
267089,2022-03-13,2022-03-13,2022-03-20,0,7
267090,2022-03-13,2022-05-30,2022-06-01,78,2
267106,2022-03-13,2022-03-13,2022-03-17,0,4
267109,2022-03-13,2022-03-13,2022-03-13,0,0
267114,2022-03-13,2022-03-13,2022-03-13,0,0
267116,2022-03-13,2022-03-13,2022-03-13,0,0
267195,2022-03-14,2022-03-25,2022-03-25,11,0
267203,2022-03-14,2022-03-14,2022-03-14,0,0
267214,2022-03-14,2022-03-14,2022-03-14,0,0
267235,2022-03-14,2022-03-14,2022-05-30,0,77
267254,2022-03-14,2022-03-14,2022-03-14,0,0
267334,2022-03-15,2022-03-21,2023-01-13,6,298
267391,2022-03-15,2022-03-15,2022-03-24,0,9
267413,2022-03-15,2022-03-15,2022-03-15,0,0
267443,2022-03-15,2022-03-15,2022-03-19,0,4
267487,2022-03-16,2022-03-16,2022-03-16,0,0
267488,2022-03-16,2022-03-16,2022-05-29,0,74
267496,2022-03-16,2022-03-16,2022-03-16,0,0
267498,2022-03-16,2022-03-16,2022-03-24,0,8
267515,2022-03-16,2022-03-16,2022-03-18,0,2
267534,2022-03-16,2022-03-16,2022-03-16,0,0
267546,2022-03-16,2022-03-16,2022-03-16,0,0
267558,2022-03-16,2022-03-16,2022-03-17,0,1
267613,2022-03-16,2022-03-16,2022-03-16,0,0
267643,2022-03-17,2022-03-17,2022-03-23,0,6
267662,2022-03-17,2022-03-17,2022-03-17,0,0
267719,2022-03-17,2022-03-17,2023-03-27,0,375
267721,2022-03-17,2022-03-17,2022-03-18,0,1
267765,2022-03-17,2022-03-17,2022-03-18,0,1
267778,2022-03-18,2022-03-18,2022-03-18,0,0
267812,2022-03-18,2022-03-18,2022-03-19,0,1
267813,2022-03-18,2022-03-18,2022-03-26,0,8
267824,2022-03-18,2022-03-18,2022-05-22,0,65
267840,2022-03-18,2022-03-18,2022-03-19,0,1
267854,2022-03-18,2022-03-18,2022-03-18,0,0
267855,2022-03-18,2022-03-18,2022-11-24,0,251
267878,2022-03-18,2022-03-18,2022-06-01,0,75
267885,2022-03-18,2022-03-18,2022-04-05,0,18
267898,2022-03-18,2022-03-18,2022-03-25,0,7
267916,2022-03-19,2022-03-19,2022-03-19,0,0
267919,2022-03-19,2022-03-19,2022-03-19,0,0
267936,2022-03-19,2022-03-19,2022-03-30,0,11
267949,2022-03-19,2022-03-20,2022-03-20,1,0
267955,2022-03-19,2022-03-19,2023-01-10,0,297
267959,2022-03-19,2022-03-28,2022-03-30,9,2
268010,2022-03-19,2022-03-19,2022-03-19,0,0
268011,2022-03-19,2022-03-20,2022-03-20,1,0
268045,2022-03-20,2022-03-20,2022-03-20,0,0
268090,2022-03-20,2022-03-28,2022-07-28,8,122
268104,2022-03-20,2022-03-20,2022-03-25,0,5
268113,2022-03-20,2022-03-21,2022-03-24,1,3
268129,2022-03-20,2022-03-21,2022-03-25,1,4
268147,2022-03-21,2022-03-26,2022-03-26,5,0
268152,2022-03-21,2022-03-21,2022-03-21,0,0
268177,2022-03-21,2022-03-21,2022-03-21,0,0
268204,2022-03-21,2022-03-21,2022-03-21,0,0
268224,2022-03-21,2022-03-21,2022-03-21,0,0
268226,2022-03-21,2022-03-21,2022-03-21,0,0
268242,2022-03-21,2022-03-21,2022-04-17,0,27
268257,2022-03-22,2022-03-22,2022-03-22,0,0
268263,2022-03-22,2022-03-22,2022-03-23,0,1
268287,2022-03-22,2022-03-22,2022-03-30,0,8
268293,2022-03-22,2022-03-22,2022-03-23,0,1
268321,2022-03-22,2022-03-26,2022-03-26,4,0
268331,2022-03-22,2022-03-22,2022-03-22,0,0
268337,2022-03-22,2022-03-22,2022-03-22,0,0
268344,2022-03-22,2022-03-22,2022-03-22,0,0
268348,2022-03-22,2022-03-22,2022-03-24,0,2
268352,2022-03-22,2022-03-22,2022-03-22,0,0
268357,2022-03-23,2022-03-23,2022-03-23,0,0
268374,2022-03-23,2022-03-24,2022-03-24,1,0
268380,2022-03-23,2022-03-23,2022-03-23,0,0
268389,2022-03-23,2022-03-23,2022-03-23,0,0
268390,2022-03-23,2022-03-23,2022-04-03,0,11
268393,2022-03-23,2022-03-31,2022-03-31,8,0
268408,2022-03-23,2022-03-23,2022-03-23,0,0
268409,2022-03-23,2022-03-23,2022-03-26,0,3
268410,2022-03-23,2022-03-23,2022-03-23,0,0
268412,2022-03-23,2022-03-23,2022-03-23,0,0
268465,2022-03-24,2022-03-24,2022-03-24,0,0
268473,2022-03-24,2022-03-24,2022-03-24,0,0
268485,2022-03-24,2022-03-29,2022-03-29,5,0
268497,2022-03-24,2022-03-24,2022-03-24,0,0
268510,2022-03-24,2022-03-24,2022-03-24,0,0
268516,2022-03-24,2022-03-24,2022-03-30,0,6
268527,2022-03-25,2022-03-25,2022-03-25,0,0
268529,2022-03-25,2022-04-03,2022-04-06,9,3
268545,2022-03-25,2022-03-27,2022-03-27,2,0
268553,2022-03-25,2022-03-25,2022-03-25,0,0
268556,2022-03-25,2022-03-25,2022-04-03,0,9
268584,2022-03-25,2022-03-25,2022-03-25,0,0
268600,2022-03-26,2022-03-26,2022-03-26,0,0
268616,2022-03-26,2022-03-26,2022-12-28,0,277
268618,2022-03-26,2022-03-30,2022-03-30,4,0
268641,2022-03-26,2022-03-26,2022-03-26,0,0
268647,2022-03-26,2022-03-26,2022-03-28,0,2
268689,2022-03-27,2022-03-27,2022-11-28,0,246
268701,2022-03-27,2022-03-27,2022-03-29,0,2
268706,2022-03-27,2022-09-26,2022-09-26,183,0
268714,2022-03-27,2022-03-27,2022-03-27,0,0
268716,2022-03-27,2022-03-27,2022-03-27,0,0
268718,2022-03-27,2022-03-29,2022-03-29,2,0
268732,2022-03-27,2022-03-27,2022-03-30,0,3
268736,2022-03-27,2022-03-28,2022-03-28,1,0
268764,2022-03-28,2022-03-28,2022-03-28,0,0
268779,2022-03-28,2022-03-28,2022-03-28,0,0
268786,2022-03-28,2022-03-28,2022-03-28,0,0
268792,2022-03-28,2022-03-30,2022-03-30,2,0
268796,2022-03-28,2022-03-28,2022-03-28,0,0
268805,2022-03-28,2022-03-29,2022-03-31,1,2
268811,2022-03-28,2022-03-28,2022-04-04,0,7
268817,2022-03-28,2022-03-28,2022-03-30,0,2
268825,2022-03-28,2022-03-28,2022-03-31,0,3
268830,2022-03-28,2022-03-28,2022-03-28,0,0
268857,2022-03-29,2022-03-29,2022-05-21,0,53
268859,2022-03-29,2022-03-29,2022-04-13,0,15
268863,2022-03-29,2022-03-29,2022-04-20,0,22
268876,2022-03-29,2022-03-29,2022-03-29,0,0
268883,2022-03-29,2022-03-29,2022-05-20,0,52
268892,2022-03-29,2022-03-29,2022-03-30,0,1
268898,2022-03-29,2022-03-29,2022-03-29,0,0
268903,2022-03-29,2022-03-29,2022-03-29,0,0
268908,2022-03-29,2022-03-29,2022-03-31,0,2
268922,2022-03-29,2022-03-30,2022-03-30,1,0
268926,2022-03-30,2022-03-30,2022-03-30,0,0
268929,2022-03-30,2022-03-30,2022-03-31,0,1
268940,2022-03-30,2022-03-30,2022-03-30,0,0
268944,2022-03-30,2022-08-27,2023-05-21,150,267
268985,2022-03-30,2022-03-30,2022-03-31,0,1
269000,2022-03-30,2022-03-30,2022-03-30,0,0
269010,2022-03-30,2022-03-30,2022-03-30,0,0
269013,2022-03-30,2022-04-04,2022-04-04,5,0
269016,2022-03-30,2022-03-30,2022-03-30,0,0
269054,2022-03-31,2022-03-31,2022-03-31,0,0
269064,2022-03-31,2022-03-31,2022-05-12,0,42
269068,2022-03-31,2022-03-31,2022-03-31,0,0
269070,2022-03-31,2022-03-31,2022-03-31,0,0
269110,2022-03-31,2022-03-31,2022-09-28,0,181
269130,2022-03-31,2022-03-31,2022-04-16,0,16
269188,2022-04-01,2022-04-01,2022-04-01,0,0
269204,2022-04-01,2022-04-01,2022-04-01,0,0
269209,2022-04-01,2022-04-01,2023-01-18,0,292
269220,2022-04-01,2022-04-01,2022-04-03,0,2
269289,2022-04-01,2022-04-01,2022-04-08,0,7
269293,2022-04-01,2022-05-31,2022-11-30,60,183
269314,2022-04-02,2022-04-02,2022-04-02,0,0
269321,2022-04-02,2022-07-25,2022-07-26,114,1
269373,2022-04-02,2022-04-05,2022-11-27,3,236
269414,2022-04-02,2022-04-02,2022-04-02,0,0
269421,2022-04-02,2022-07-12,2023-05-19,101,311
269457,2022-04-03,2022-04-03,2022-04-09,0,6
269470,2022-04-03,2022-04-03,2022-04-06,0,3
269485,2022-04-03,2022-04-03,2022-04-03,0,0
269501,2022-04-03,2022-04-03,2022-04-10,0,7
269519,2022-04-03,2022-04-10,2022-04-10,7,0
269534,2022-04-03,2022-04-03,2022-06-19,0,77
269541,2022-04-03,2022-04-04,2022-05-20,1,46
269559,2022-04-04,2022-04-04,2023-05-16,0,407
269570,2022-04-04,2022-04-04,2022-04-04,0,0
269594,2022-04-04,2022-04-04,2022-04-04,0,0
269617,2022-04-04,2022-04-04,2022-04-05,0,1
269646,2022-04-04,2022-04-05,2022-04-07,1,2
269653,2022-04-04,2022-04-04,2022-04-07,0,3
269660,2022-04-04,2022-04-04,2022-10-24,0,203
269662,2022-04-04,2022-04-05,2022-04-06,1,1
269670,2022-04-05,2022-04-05,2022-04-05,0,0
269671,2022-04-05,2022-04-09,2022-04-09,4,0
269728,2022-04-05,2022-04-05,2022-04-05,0,0
269741,2022-04-05,2022-04-05,2022-04-07,0,2
269744,2022-04-05,2022-04-05,2022-04-05,0,0
269748,2022-04-05,2022-04-05,2022-07-23,0,109
269754,2022-04-05,2022-04-11,2022-04-11,6,0
269771,2022-04-05,2022-04-06,2022-04-06,1,0
269796,2022-04-06,2022-04-06,2022-04-06,0,0
269843,2022-04-06,2022-04-06,2022-04-06,0,0
269864,2022-04-06,2022-04-13,2022-04-13,7,0
269872,2022-04-06,2022-04-20,2022-04-29,14,9
269874,2022-04-06,2022-06-17,2022-06-18,72,1
269894,2022-04-07,2022-04-07,2022-04-07,0,0
269898,2022-04-07,2022-04-07,2022-04-14,0,7
269924,2022-04-07,2022-04-07,2022-04-07,0,0
269934,2022-04-07,2022-04-07,2022-04-07,0,0
269937,2022-04-07,2022-04-07,2022-05-31,0,54
269959,2022-04-07,2022-05-22,2022-05-26,45,4
269975,2022-04-07,2022-04-07,2022-04-14,0,7
269976,2022-04-07,2022-04-07,2022-04-08,0,1
269978,2022-04-07,2022-04-07,2022-04-07,0,0
269981,2022-04-07,2022-04-07,2022-04-07,0,0
269984,2022-04-07,2022-04-20,2022-04-20,13,0
270000,2022-04-07,2022-04-07,2022-04-07,0,0
270003,2022-04-07,2022-04-07,2022-04-07,0,0
270009,2022-04-07,2022-04-09,2022-05-05,2,26
270014,2022-04-07,2022-04-08,2022-04-08,1,0
270018,2022-04-08,2022-04-08,2022-04-12,0,4
270022,2022-04-08,2022-04-08,2022-04-08,0,0
270036,2022-04-08,2022-04-11,2022-04-11,3,0
270042,2022-04-08,2022-04-09,2022-04-09,1,0
270062,2022-04-08,2022-04-08,2022-04-14,0,6
270075,2022-04-08,2022-04-10,2022-04-10,2,0
270098,2022-04-08,2022-04-08,2022-04-08,0,0
270103,2022-04-08,2022-04-08,2022-04-11,0,3
270135,2022-04-08,2022-04-08,2022-04-08,0,0
270179,2022-04-09,2022-04-09,2022-04-10,0,1
270183,2022-04-09,2022-04-09,2022-05-30,0,51
270188,2022-04-09,2022-04-09,2022-04-21,0,12
270216,2022-04-09,2022-04-29,2022-09-30,20,154
270240,2022-04-09,2022-04-09,2022-04-10,0,1
270244,2022-04-09,2022-04-11,2022-04-16,2,5
270245,2022-04-09,2022-07-20,2022-07-20,102,0
270247,2022-04-09,2022-04-10,2022-04-10,1,0
270263,2022-04-10,2022-04-10,2022-04-10,0,0
270265,2022-04-10,2022-04-10,2022-04-10,0,0
270304,2022-04-10,2022-04-10,2022-04-10,0,0
270339,2022-04-10,2022-04-10,2022-11-28,0,232
270363,2022-04-10,2022-04-11,2022-04-11,1,0
270367,2022-04-10,2022-04-10,2022-04-15,0,5
270393,2022-04-11,2022-04-11,2022-04-19,0,8
270435,2022-04-11,2022-04-11,2022-09-20,0,162
270455,2022-04-11,2022-04-11,2022-04-11,0,0
270460,2022-04-11,2022-05-12,2022-05-12,31,0
270474,2022-04-11,2022-04-17,2022-04-17,6,0
270486,2022-04-11,2022-04-11,2022-04-12,0,1
270509,2022-04-12,2022-04-12,2022-04-30,0,18
270596,2022-04-12,2022-04-12,2022-04-12,0,0
270599,2022-04-12,2022-04-16,2022-04-20,4,4
270602,2022-04-12,2022-04-12,2022-04-12,0,0
270606,2022-04-12,2022-04-12,2022-04-19,0,7
270607,2022-04-12,2022-04-12,2022-09-29,0,170
270616,2022-04-13,2022-04-13,2022-04-13,0,0
270619,2022-04-13,2022-04-13,2022-04-13,0,0
270633,2022-04-13,2022-04-13,2022-06-04,0,52
270648,2022-04-13,2022-04-13,2022-04-13,0,0
270670,2022-04-13,2022-04-13,2022-04-13,0,0
270700,2022-04-13,2022-04-13,2022-04-13,0,0
270710,2022-04-13,2022-04-13,2022-04-13,0,0
270725,2022-04-13,2022-04-13,2022-05-03,0,20
270738,2022-04-13,2022-04-13,2022-04-13,0,0
270740,2022-04-13,2022-04-13,2022-04-13,0,0
270744,2022-04-14,2022-04-14,2022-04-22,0,8
270784,2022-04-14,2022-04-14,2022-04-14,0,0
270787,2022-04-14,2022-04-14,2022-04-14,0,0
270824,2022-04-14,2022-04-15,2022-04-18,1,3
270833,2022-04-14,2022-04-28,2022-04-28,14,0
270848,2022-04-15,2022-04-18,2022-04-18,3,0
270911,2022-04-15,2022-04-15,2022-04-17,0,2
270930,2022-04-15,2022-04-21,2022-04-22,6,1
270931,2022-04-15,2022-04-15,2022-04-15,0,0
270947,2022-04-16,2022-04-16,2022-04-16,0,0
270957,2022-04-16,2022-04-16,2022-04-16,0,0
270988,2022-04-16,2022-04-16,2022-06-18,0,63
271000,2022-04-16,2022-04-16,2023-03-24,0,342
271006,2022-04-16,2022-04-16,2022-04-17,0,1
271015,2022-04-16,2022-04-16,2022-04-16,0,0
271035,2022-04-17,2022-04-17,2022-04-17,0,0
271054,2022-04-17,2022-06-01,2022-06-01,45,0
271082,2022-04-17,2022-04-17,2022-05-31,0,44
271083,2022-04-17,2022-04-17,2022-04-26,0,9
271094,2022-04-17,2022-04-17,2022-04-23,0,6
271098,2022-04-17,2022-04-25,2022-05-31,8,36
271114,2022-04-17,2022-04-17,2022-05-31,0,44
271140,2022-04-18,2022-04-18,2022-04-18,0,0
271154,2022-04-18,2022-04-18,2022-04-20,0,2
271169,2022-04-18,2022-04-18,2022-04-18,0,0
271185,2022-04-18,2022-04-18,2022-05-25,0,37
271197,2022-04-18,2022-04-25,2022-04-25,7,0
271211,2022-04-18,2022-04-18,2022-04-18,0,0
271243,2022-04-19,2022-04-19,2022-04-28,0,9
271257,2022-04-19,2022-04-19,2022-11-26,0,221
271296,2022-04-19,2022-04-19,2022-04-19,0,0
271300,2022-04-19,2022-04-19,2022-04-24,0,5
271326,2022-04-19,2022-04-20,2022-04-20,1,0
271338,2022-04-20,2022-04-20,2022-04-20,0,0
271348,2022-04-20,2022-04-20,2022-04-20,0,0
271352,2022-04-20,2022-04-20,2022-05-30,0,40
271388,2022-04-20,2022-04-20,2022-04-20,0,0
271426,2022-04-21,2022-04-21,2022-04-21,0,0
271465,2022-04-21,2022-04-22,2022-04-29,1,7
